"id";"familia";"funcao";"google_maps";"waze";"estado_zippy";"evidencia";"diferenca";"fontes";"decisao_farley";"prioridade";"observacao"
"N001";"Câmera, mapa e interface";"Câmera acompanhando posição";"Sim, navegação";"Referência de condução; ajuste exato NC";"Parcial";"E1/E2";"startGuidance + setFollowingPerspective existem; screenshot enviado não demonstra seguimento ativo.";"G1,S1";"";"";""
"N002";"Câmera, mapa e interface";"Orientação na direção do movimento";"Sim";"Referência visual; configuração exata NC";"Código";"E2";"TILTED/TOP_DOWN_HEADING_UP; confirmar estabilidade em curvas e parado.";"G1,S1";"";"";""
"N003";"Câmera, mapa e interface";"Inclinação 2D/3D";"Perspectiva e 3D condicionado";"Referência visual; detalhes 3D NC";"Código";"E1/E2/E4";"view3D existe; inclinar câmera não equivale a edifícios/terreno 3D enriquecidos.";"G1,G7";"";"";""
"N004";"Câmera, mapa e interface";"Explorar mapa e retomar seguimento";"Sim";"Comportamento de condução a validar visualmente";"Parcial";"E1/E2";"Botão próprio de centralizar; falta estado explícito de câmera livre versus seguindo.";"G1";"";"";""
"N005";"Câmera, mapa e interface";"Zoom inteligente conforme manobra";"Novo modo imersivo, condicionado";"NC nas fontes consultadas";"Não comprovado";"E2";"Não há política própria; comportamento automático do SDK exige teste nativo.";"G7";"";"";""
"N006";"Câmera, mapa e interface";"Bússola / norte fixo versus direção";"Sim";"NC quanto ao controle exato";"Ausente";"E1/E2";"Não encontrei seletor próprio de norte fixo; heading-up não substitui essa escolha.";"G1";"";"";""
"N007";"Câmera, mapa e interface";"Enquadrar percurso inteiro";"Sim, prévia";"Sim, prévia de alternativas";"Código";"E1/E2";"showRouteOverview e menu de percurso completo; retorno ao seguimento precisa teste.";"G2,W1";"";"";""
"N008";"Câmera, mapa e interface";"Linha do percurso pelas ruas";"Sim";"Sim";"Parcial";"E2/E4";"SDK calcula e desenha; fallback tem mapa/pins, sem motor de instruções. Print sem linha não comprova rota ativa.";"G1,W1";"";"";""
"N009";"Câmera, mapa e interface";"Marcador do veículo distinguível dos destinos";"Sim, referência enviada";"Ícone personalizável";"Parcial";"E2/E4";"Chevron do SDK + pins próprios; posição, contraste e sobreposição precisam revisão em movimento.";"G1,W17";"";"";""
"N010";"Câmera, mapa e interface";"Destinos numerados e seleção no mapa";"Paradas";"Destino e parada intermediária";"Código";"E2";"Pins numerados com pedido e seleção. Isso já é adaptado à nossa fila de entregas.";"G2,W9";"";"";""
"N011";"Câmera, mapa e interface";"Tema dia/noite";"Sim";"Sim";"Código";"E2/E9";"Tema manual força dia/noite; alternância automática por horário não encontrada.";"G1,W27";"";"";""
"N012";"Câmera, mapa e interface";"Trânsito e satélite como camadas";"Sim";"Trânsito na navegação; satélite NC";"Ausente";"E1/E2";"Não há seletor próprio dessas camadas. Não confundir mapa de trânsito do provedor com opção exposta.";"G1";"";"";""
"N013";"Câmera, mapa e interface";"Edifícios, viadutos e terreno 3D enriquecido";"Disponibilidade condicionada";"Equivalência NC";"Ausente";"E2";"Nenhuma integração específica com Immersive Navigation; tilt não entrega essa função.";"G7";"";"";""
"N014";"Câmera, mapa e interface";"Ocultar controles preservando orientação";"Decisão de UX a partir da referência";"Não confirmado como função específica";"Parcial";"E1/E2";"Toque limpa mapa, mas também oculta header de manobra e informações da viagem.";"G1";"";"";""
"N015";"Câmera, mapa e interface";"Área útil sem painel cobrindo caminho";"Mapa domina a referência enviada";"Princípio observado em navegação";"Parcial";"E1";"Sheet do pedido continua grande; padding da câmera versus área livre não foi validado.";"G1,W1";"";"";""
"N016";"Instruções e progresso";"Próxima conversão: seta, distância e rua";"Sim";"Instruções passo a passo";"Parcial";"E2";"Header nativo habilitado fora do modo limpo; não validado na viagem mostrada.";"G1,W2";"";"";""
"N017";"Instruções e progresso";"Antecipar manobra seguinte";"Guias e prévia de manobras";"Passos da rota; rotatórias";"Não comprovado";"E2";"Delegado ao header; não há estado próprio de duas manobras. Testar conversões seguidas.";"G1,W2";"";"";""
"N018";"Instruções e progresso";"Faixa correta antes de virar";"Sim";"Sim, lane guidance";"Não comprovado";"E2";"FAQ confirma suporte nativo, mas nenhum teste local de faixas. Depende de dados da via.";"G1,S1,W22";"";"";""
"N019";"Instruções e progresso";"Orientação em rotatória e saída";"Navegação passo a passo";"Recurso explícito";"Não comprovado";"E2";"Sem lógica própria; verificar número da saída, seta, faixa e voz do SDK.";"G1,W22";"";"";""
"N020";"Instruções e progresso";"Instruções por voz";"Sim";"Sim";"Código";"E2/E9";"VOICE_ALERTS_AND_GUIDANCE configurado; validar voz em português e sincronismo da conversão.";"G1,W4";"";"";""
"N021";"Instruções e progresso";"Lista completa de manobras";"Sim";"Sim";"Ausente";"E1/E2";"Não existe tela própria; SDK pode permitir percorrer header, mas app não expõe lista dedicada.";"G2,W2,S1";"";"";""
"N022";"Instruções e progresso";"Tempo restante até próxima parada";"Sim";"Sim";"Código";"E1/E2";"seconds renderizado em minutos, mínimo 1; não existe exibição de menos de um minuto.";"G1,W15";"";"";""
"N023";"Instruções e progresso";"Distância restante";"Sim";"Sim";"Código";"E1/E2";"meters em km; validar unidade adequada para poucos metros e destino da estimativa.";"G1,W15";"";"";""
"N024";"Instruções e progresso";"Horário previsto de chegada, ex. 19:00";"Referência enviada / compartilhamento";"ETA";"Ausente";"E1";"Tela mostra duração, não horário de chegada.";"G5,W15";"";"";""
"N025";"Instruções e progresso";"Tempo e distância de todas as paradas";"Viagem com múltiplos destinos";"Limite de uma parada intermediária";"Parcial";"E1/E2";"Fila existe, porém apenas um valor de seconds/meters, sem previsão separada por pedido.";"G2,W9,S1";"";"";""
"N026";"Instruções e progresso";"Progresso visual da viagem";"Rota e progresso";"Rota e ETA";"Desativado";"E2";"tripProgressBarEnabled=false; footerEnabled=false. Trecho percorrido deve ser validado no SDK.";"G1,W1";"";"";""
"N027";"Instruções e progresso";"Recalcular após sair do percurso";"Navegação dinâmica";"Sugestões e mudanças de rota";"Código";"E2";"Listener de desvio e mensagem Recalculando; resultado e câmera ainda exigem teste em campo.";"S1,W1";"";"";""
"N028";"Instruções e progresso";"Reconhecer chegada ao destino";"Sim";"Sim";"Parcial";"E2/E11";"onArrival para guidance e informa arrived; chegada operacional é outro estado e exige fluxo do pedido.";"G1,W15";"";"";""
"N029";"Instruções e progresso";"Indicar entrada do prédio / lado da rua";"Novo modo imersivo condicionado";"Equivalência NC";"Ausente";"E1/E2";"Temos endereço/observações, não orientação confiável de porta ou lado da rua.";"G7";"";"";""
"N030";"Escolha de percurso e planejamento";"Comparar percursos alternativos";"Sim";"Sim antes/durante";"Parcial";"E2";"SDK pode fornecer alternativas, mas não há comparação própria de custo/tempo nem seleção documentada na UI.";"G2,W1,S1";"";"";""
"N031";"Escolha de percurso e planejamento";"Aceitar ou manter rota quando surge alternativa";"Sugestão dinâmica";"Aceitar ou recusar sugestão";"Ausente";"E1/E2";"Nenhum fluxo próprio para proposta de caminho; listener de rota mudada não é consentimento do usuário.";"G1,W1";"";"";""
"N032";"Escolha de percurso e planejamento";"Evitar pedágios";"Sim";"Sim";"Ausente";"E2";"routingOptions passa apenas travelMode.";"G2,W10";"";"";""
"N033";"Escolha de percurso e planejamento";"Evitar rodovias";"Sim";"Sim";"Ausente";"E2";"Nenhuma preferência de percurso enviada.";"G2,W10";"";"";""
"N034";"Escolha de percurso e planejamento";"Evitar balsas";"Opções dependem do produto/versão";"Sim";"Ausente";"E2";"Nenhum controle ou parâmetro encontrado.";"W10";"";"";""
"N035";"Escolha de percurso e planejamento";"Evitar vias não pavimentadas";"NC nesta pesquisa";"Sim";"Ausente";"E2";"Não há preferência equivalente; cobertura do provedor precisa avaliação.";"W11";"";"";""
"N036";"Escolha de percurso e planejamento";"Evitar interseções difíceis / áreas de risco";"NC como controle geral";"Preferências regionais";"Ausente";"E2";"Nenhum controle equivalente; não prometer classificação de segurança sem dados.";"W19";"";"";""
"N037";"Escolha de percurso e planejamento";"Rodízio, placas, passes, HOV e zonas ambientais";"Alguns controles condicionados";"Preferências regionais";"Ausente";"E2";"Cadastro da moto não fornece essas regras ao navegador.";"G2,W12,W19";"";"";""
"N038";"Escolha de percurso e planejamento";"Roteamento para motocicleta";"Disponibilidade por região";"Sim; melhorias em 2026 incluem Brasil";"Ausente";"E2";"Aplicativo motoboy utiliza TravelMode.DRIVING. Trocar desenho do veículo não altera cálculo.";"G2,W3,W23,S2";"";"";""
"N039";"Escolha de percurso e planejamento";"Estimativa de preço de pedágios";"Cidades selecionadas";"Sim, estimada";"Ausente";"E1/E2";"Não existe preço por percurso; remuneração do pedido é informação diferente.";"G2,W13";"";"";""
"N040";"Escolha de percurso e planejamento";"Percurso mais econômico em combustível";"Regiões selecionadas";"Equivalência NC";"Ausente";"E2";"Nenhuma preferência/estimativa de economia encontrada.";"G6";"";"";""
"N041";"Escolha de percurso e planejamento";"Agendar partida ou chegada";"Sim, limitações";"Sim, planejamento";"Ausente";"E1/E2";"Turno operacional não é previsão de trânsito para horário futuro.";"G2,W14";"";"";""
"N042";"Escolha de percurso e planejamento";"Lembrete de hora de sair";"Planejamento associado";"Sim";"Ausente";"E1/E9";"Notificação de oferta não é lembrete calculado pela viagem.";"W21,W26";"";"";""
"N043";"Escolha de percurso e planejamento";"Pesquisar endereço / POI livre";"Sim";"Sim";"Ausente";"E1";"Mapa operacional usa destinos da loja/pedidos; não há pesquisa geral própria.";"G2,W9";"";"";""
"N044";"Escolha de percurso e planejamento";"Pesquisar posto, alimentação e parada no caminho";"Sim";"Sim";"Ausente";"E1/E2";"Não há busca no percurso, cálculo de desvio nem retorno ao destino operacional.";"G1,W9";"";"";""
"N045";"Escolha de percurso e planejamento";"Combustível: preço e posto preferido";"POIs; preço local não auditado";"Preço editável e preferência";"Ausente";"E1/E2";"Nenhuma fonte de postos/preços integrada no app.";"W8,W19";"";"";""
"N046";"Escolha de percurso e planejamento";"Adicionar, remover e reordenar paradas";"Até 9 destinos incluindo final";"Uma parada intermediária por rota";"Parcial";"E2/E6";"Fila e reorder já existem; parada pessoal livre não existe e não deve virar pedido fictício.";"G2,W9";"";"";""
"N047";"Escolha de percurso e planejamento";"Destinos salvos / recentes / casa e trabalho";"Recurso relacionado, não aprofundado";"Sim";"Ausente";"E1/E9";"Lojas vinculadas e histórico de entregas não são favoritos de navegação.";"W19,W26";"";"";""
"N048";"Escolha de percurso e planejamento";"Prévia Street View do destino e do trajeto";"Sim, quando disponível";"Equivalência NC";"Ausente";"E1/E2";"Não há integração de imagens de rua; foto de produto não é foto do destino.";"G2";"";"";""
"N049";"Escolha de percurso e planejamento";"Prévia imersiva de rota";"Cidades selecionadas";"Equivalência NC";"Ausente";"E1/E2";"Não integrada. Função diferente da câmera inclinada durante a condução.";"G2";"";"";""
"N050";"Escolha de percurso e planejamento";"Encontrar estacionamento / salvar onde parou";"Estacionamento no novo modo condicionado";"Sim";"Ausente";"E1/E2";"Sem busca ou marcador de estacionamento. A FAQ do SDK diz não fornecer busca de estacionamento.";"G7,W25,S1";"";"";""
"N051";"Escolha de percurso e planejamento";"Personalizar percurso a partir do histórico";"Experiência personalizada, escopo variável";"Recurso anunciado globalmente em 2026";"Ausente";"E2/E8";"Não há recomendação aprendida de percursos; histórico GPS é registro operacional.";"W23";"";"";""
"N052";"Alertas e colaboração na estrada";"Velocímetro atual";"Disponibilidade variável";"Sim";"Ausente";"E1/E2";"GPS envia speedMps, mas tela não apresenta velocímetro próprio.";"G3,W5";"";"";""
"N053";"Alertas e colaboração na estrada";"Limite da via";"Disponibilidade variável";"Sim";"Parcial";"E2";"speedLimitIconEnabled ligado; tabela SDK marca Brasil sem cobertura de limite. Não prometer exibição local.";"G3,W5,S2";"";"";""
"N054";"Alertas e colaboração na estrada";"Alerta de excesso / limiar configurável";"Mudança visual quando disponível";"Alerta e limiar";"Ausente";"E1/E9";"Nenhum controle próprio de limiar ou som encontrado.";"G3,W5";"";"";""
"N055";"Alertas e colaboração na estrada";"Radares, câmeras e fiscalização por velocidade média";"Incidentes condicionados";"Câmeras e zonas de fiscalização";"Não comprovado";"E2";"Dados/eventos do provedor possíveis, mas não há validação nem configurações próprias.";"G1,W6,W21,S2";"";"";""
"N056";"Alertas e colaboração na estrada";"Exibir incidentes ao longo da rota";"Sim";"Sim";"Não comprovado";"E2";"SDK suporta ocorrências em regiões cobertas. Exibir no aparelho não foi demonstrado.";"G1,W8,S3";"";"";""
"N057";"Alertas e colaboração na estrada";"Reportar trânsito e acidente";"Sim";"Sim";"Desativado";"E2";"reportIncidentButtonEnabled=false e nenhuma chamada própria para abrir painel.";"G1,W8,S3";"";"";""
"N058";"Alertas e colaboração na estrada";"Reportar polícia / fiscalização móvel";"Disponibilidade regional";"Sim";"Desativado";"E2";"Sem ação no app; disponibilidade específica não se deduz da cobertura genérica Brasil.";"G1,W8,S2";"";"";""
"N059";"Alertas e colaboração na estrada";"Reportar obra, objeto e faixa bloqueada";"Sim";"Sim";"Desativado";"E2";"Mesmo painel desativado; não existe fluxo local de relato.";"G1,W8,S3";"";"";""
"N060";"Alertas e colaboração na estrada";"Reportar chuva, alagamento, visibilidade e perigo";"Tipos variam";"Clima e perigos";"Desativado";"E2";"Nenhum formulário próprio; tipos dependem do provedor e região.";"G1,W8";"";"";""
"N061";"Alertas e colaboração na estrada";"Confirmar que incidente ainda existe";"Sim, voto";"Confirmação de relatos; detalhe por tipo";"Ausente";"E1/E2";"Nenhuma UI própria de voto; verificar se SDK expõe prompt padrão antes de projetar outro.";"G1,W8";"";"";""
"N062";"Alertas e colaboração na estrada";"Lombada e faixa elevada";"Não confirmado como alerta dedicado";"Sim";"Ausente";"E2";"Nenhum catálogo/controle próprio. Mapa 3D não substitui aviso de risco para moto.";"W7,W23";"";"";""
"N063";"Alertas e colaboração na estrada";"Curva acentuada e interseção complexa";"Orientação; alerta equivalente NC";"Sim";"Ausente";"E2";"Sem aviso dedicado comprovado no app.";"W7";"";"";""
"N064";"Alertas e colaboração na estrada";"Passagem de trem, pedágio e cruzamento rápido";"Não confirmado como grupo dedicado";"Sim";"Ausente";"E2";"Não há configuração de alertas por característica da via.";"W7";"";"";""
"N065";"Alertas e colaboração na estrada";"Zona escolar e redução de limite adiante";"Não confirmado como equivalente exato";"Sim, dados e horários condicionados";"Ausente";"E2";"Sem alerta dedicado comprovado.";"W7,W22";"";"";""
"N066";"Alertas e colaboração na estrada";"Faixa acabando, fim de acostamento e ponte estreita";"Equivalência NC";"Sim";"Ausente";"E2";"Não há avisos próprios; especialmente relevantes para motociclista.";"W7,W23";"";"";""
"N067";"Alertas e colaboração na estrada";"Trecho com histórico de acidentes";"Equivalência NC";"Sim";"Ausente";"E2";"Não há base própria nem integração específica.";"W21";"";"";""
"N068";"Alertas e colaboração na estrada";"Veículo de emergência parado na via";"Equivalência NC";"Recurso com cobertura condicionada";"Não comprovado";"E2";"Não presumir Brasil a partir do anúncio de 2024; app não integra camada específica.";"W8,W22";"";"";""
"N069";"Alertas e colaboração na estrada";"Alertas de crise: incêndio, enchente e desastre";"Sim, condições regionais";"Suporte a crise próximo";"Ausente";"E1/E2";"Sem fluxo próprio de crise/evacuação; incidentes comuns não são equivalente.";"G8";"";"";""
"N070";"Alertas e colaboração na estrada";"Solicitar ajuda na estrada";"Equivalência NC";"Sim, profissional depende do país";"Parcial";"E11";"Suporte/chat da loja existem, mas não são rede de auxílio rodoviário.";"W16";"";"";""
"N071";"Alertas e colaboração na estrada";"Preferências de alertas por categoria";"Sim, opções de alertas";"Sim, mapa e voz separáveis";"Ausente";"E9";"Som/vibração são globais; não há seleção de tipos de risco.";"G1,W6,W21";"";"";""
"N072";"Áudio, continuidade, privacidade e integração";"Som completo / só alertas / mudo";"Três modos";"Quatro modos no Android atual";"Parcial";"E2/E9";"Apenas boolean sound global. Waze inclui menos falante; não há controle separado da navegação.";"G1,W4,W23";"";"";""
"N073";"Áudio, continuidade, privacidade e integração";"Volume independente da orientação";"Níveis";"Controle de volume";"Ausente";"E9";"Sem slider/nível de voz próprio.";"G1,W4";"";"";""
"N074";"Áudio, continuidade, privacidade e integração";"Idioma / voz / falar nomes de ruas";"Voz e idioma";"Vozes e idioma";"Parcial";"E2/E9";"SDK fornece voz, app não expõe escolha; português e nomes precisam teste.";"G1,W20";"";"";""
"N075";"Áudio, continuidade, privacidade e integração";"Voz personalizada e gravada";"Equivalência NC";"Sim";"Ausente";"E9";"Sem catálogo ou gravação de instruções no app.";"W20";"";"";""
"N076";"Áudio, continuidade, privacidade e integração";"Saída Bluetooth e comportamento em chamadas";"Opções de voz";"Opções de Bluetooth/chamadas";"Parcial";"E2/E9";"BLUETOOTH_AUDIO configurado; prioridade de áudio/chat e chamadas não validada.";"G1,W4,W20";"";"";""
"N077";"Áudio, continuidade, privacidade e integração";"Música / podcasts controlados no navegador";"Comandos Gemini; controles variam";"Integração de música";"Ausente";"E1/E9";"Não encontrei player de música no modo rota.";"G9,W20";"";"";""
"N078";"Áudio, continuidade, privacidade e integração";"Comando de voz e relato conversacional";"Gemini durante navegação; Ask Maps tem cobertura distinta";"Relato Gemini; busca conversacional beta";"Ausente";"E1/E2";"Não há comando de navegação por voz; enviar áudio no chat é outra função.";"G9,G7,W20,W23";"Não quero";"";"Retirado pelo Farley em 09/10/2026. Comandos por voz; orientação falada das conversões não foi retirada."
"N079";"Áudio, continuidade, privacidade e integração";"Manter tela acesa durante condução";"Experiência de navegação";"Opção explícita";"Não comprovado";"E1/E2";"Não encontrei keep-awake próprio; verificar comportamento nativo do SDK no aparelho.";"W18";"";"";""
"N080";"Áudio, continuidade, privacidade e integração";"Orientação com tela apagada / segundo plano";"Voz continua";"Opções de tela e bloqueio";"Parcial";"E2/E3/E10";"CONTINUE_SERVICE configurado, mas blur da tela para guidance; GPS de turno separado continua.";"G1,W17,S1";"";"";""
"N081";"Áudio, continuidade, privacidade e integração";"Continuar após interrupção e reabrir viagem";"Experiência a validar por cenário";"Experiência a validar por cenário";"Parcial";"E2/E3";"Sessão operacional pode ser recuperada; não encontrei restauração completa da câmera/manobra em navegação.";"S1,W24";"";"";""
"N082";"Áudio, continuidade, privacidade e integração";"Mapas baixados e cálculo offline";"Sim, área e limitações";"Não oferece experiência offline equivalente";"Ausente";"E2/E10";"SDK tem pré-cache da jornada, não download offline. Fila GPS não calcula novas rotas.";"G4,W24,S1";"";"";""
"N083";"Áudio, continuidade, privacidade e integração";"Perda de GPS e sinalização de posição antiga";"Indicador de busca GPS";"Diagnóstico GPS";"Parcial";"E2";"Timeout inicial de 20s próprio; perda durante viagem depende do SDK, sem indicador próprio de precisão/idade.";"G1,S1";"";"";""
"N084";"Áudio, continuidade, privacidade e integração";"Guardar GPS sem rede e reenviar";"Navegação offline é outra função";"Relatos não ficam em fila offline";"Código";"E10";"Fila local de localização já existe com contexto e sequência; mapa offline continua ausente.";"W24";"";"";""
"N085";"Áudio, continuidade, privacidade e integração";"Compartilhar viagem por link com contato";"Sim";"Sim";"Ausente";"E1/E7";"Preferência de localização do cliente não equivale a link temporário livre para familiares.";"G5,W15";"Não quero";"";"Retirado pelo Farley em 09/10/2026. Compartilhamento de viagem por link; preservar rastreamento operacional existente."
"N086";"Áudio, continuidade, privacidade e integração";"Mostrar localização à loja durante turno";"Não é operação de delivery destes apps";"Não é operação de delivery destes apps";"Código";"E7/E10";"Rastreamento operacional com online_idle/active_route; preservar isolamento de usuário/sessão/loja.";"G5,W15";"";"";""
"N087";"Áudio, continuidade, privacidade e integração";"Histórico de viagens e trajeto no mapa";"Timeline relacionada, não auditada aqui";"Histórico de navegação";"Código";"E8";"Lista por período, mapa de GPS, pedidos, conferências e ganhos; não garante todo trajeto tenha GPS.";"W28";"";"";""
"N088";"Áudio, continuidade, privacidade e integração";"Navegação em Android Auto / CarPlay";"Integrações próprias";"Integrações próprias";"Ausente";"E1/E3";"Integração nativa de projeção automotiva do nosso app não encontrada; abrir externo é outra função.";"G7,W17";"";"";""
"N089";"Áudio, continuidade, privacidade e integração";"Abrir Maps ou Waze externo";"Destino por link";"Destino por deep link";"Código";"E5/E9";"Preferência só escolhe navegador externo; dentro do app o motor permanece Google.";"S4";"";"";""
"N090";"Áudio, continuidade, privacidade e integração";"Proteção contra destino sem coordenadas / falha SDK";"Dependências de GPS/rota";"Dependências de rede/GPS";"Parcial";"E1/E2/E4";"Validação e mensagens existem; módulo disponível ainda não comprova autorização e guidance.";"G1,W24";"";"";""
"N091";"Funções próprias de entrega que precisam coexistir com a navegação";"Separar ir à coleta de ir ao cliente";"Não é fluxo de pedido";"Não é fluxo de pedido";"Código";"E1/E7";"Destino da loja antes de retirada/retorno; demais destinos vêm da fila. Validar transição real.";"—";"";"";""
"N092";"Funções próprias de entrega que precisam coexistir com a navegação";"Reordenar sem mover pedido atual ou travado";"Não é regra de delivery";"Não é regra de delivery";"Código";"E6";"expectedVersion, política e locks já usados. Manter regras atuais.";"—";"";"";""
"N093";"Funções próprias de entrega que precisam coexistir com a navegação";"Checklist de retirada por pedido e extras";"Não é função destes navegadores";"Não é função destes navegadores";"Código";"E11";"Itens/quantidades e última conferência dos extras existem; não declarar QA nativo concluído.";"—";"";"";""
"N094";"Funções próprias de entrega que precisam coexistir com a navegação";"Conferência de entrega, código, cobrança e foto";"Não é função destes navegadores";"Não é função destes navegadores";"Código";"E11";"FinishScreen valida pré-condições e submit; chegada do SDK não entrega pedido sozinha.";"—";"";"";""
"N095";"Funções próprias de entrega que precisam coexistir com a navegação";"Continuar para próximo pedido após confirmação";"Paradas de viagem";"Uma parada intermediária";"Parcial";"E1/E2/E11";"onArrival para guidance; não há continueToNextDestination. Validar novo cálculo conforme fila e confirmar que não pula conferência.";"G2,W9";"";"";""
"N096";"Funções próprias de entrega que precisam coexistir com a navegação";"Cancelar / atualizar destino durante rota";"Alterar viagem";"Alterar viagem";"Parcial";"E1/E6/E7";"Fila e aviso de atualização existem; efeito no caminho/câmera em andamento não foi testado neste dossiê.";"G2,W9";"";"";""
"N097";"Funções próprias de entrega que precisam coexistir com a navegação";"Contato com cliente / loja sem perder navegação";"Não é chat de delivery";"Não é chat de delivery";"Parcial";"E2/E11";"Chat/ligação acessíveis; navegar para outra tela provoca stopGuidance no cleanup.";"—";"";"";""
"N098";"Funções próprias de entrega que precisam coexistir com a navegação";"Identificação da bag e lembrete de extras na chegada";"Não é função destes navegadores";"Não é função destes navegadores";"Parcial";"E1/E11";"Número e checklist existem; aviso resumido de volumes/extras dentro da navegação não encontrado.";"—";"";"";""
"N099";"Controles complementares";"Reportar interdição e evitar rua fechada";"Relatos e roteamento";"Relato de fechamento";"Desativado";"E2";"Não há ação própria de fechar rua. Contornar interdição recebida é tarefa do motor, não da fila de pedidos.";"G1,W29,S3";"";"";""
"N100";"Controles complementares";"Alternância automática de tema";"Opções dependem de versão";"Sim, automático";"Ausente";"E2/E9";"FORCE_DAY/FORCE_NIGHT seguem preferência manual; não há automatismo ligado ao modo rota.";"W27";"";"";""
"N101";"Controles complementares";"Unidades de distância km / milhas";"Sim";"Sim";"Ausente";"E1/E9";"Painel formata km fixo; configuração de unidades não encontrada.";"G2,W17";"";"";""
"N102";"Controles complementares";"Encerrar orientação sem finalizar entrega";"Sair da navegação";"Parar navegação";"Parcial";"E1/E2";"Ver percurso completo chama stopGuidance; não há ação explicitamente rotulada Encerrar navegação separada da entrega.";"G1,W24";"";"";""
"N103";"Controles complementares";"Personalizar ícone do veículo";"Opções de ícone não aprofundadas";"Sim, restrição no perfil moto";"Ausente";"E2";"Pins de pedidos próprios não são seletor do ícone do motoboy.";"W17";"";"";""
"N104";"Controles complementares";"Lembrete de criança ao chegar";"Equivalência NC";"Sim";"Ausente";"E1/E9";"Não encontrado; avaliar pertinência ao trabalho de motoboy antes de considerar.";"W21";"";"";""
"N105";"Controles complementares";"Lembrete de ligar faróis";"Equivalência NC";"Sim";"Ausente";"E1/E9";"Não encontrado; comportamento é condicional ao país/viagem.";"W21";"";"";""
"N106";"Controles complementares";"Privacidade de visibilidade entre usuários";"Compartilhamento controlado";"Modo invisível";"Parcial";"E7/E10";"Configuração de compartilhar com cliente existe; não é modo invisível na rede pública nem dispensa rastreamento do turno.";"G5,W17";"";"";""
